customers,movies,snack,drink
윤성훈,라라랜드,프레즐,콜라
권경숙,라라랜드,캬라멜 팝콘,물
나순자,시민덕희,치즈팝콘,콜라
한지현,도그맨,구운오징어,콜라
김영길,웡카,치즈팝콘,콜라
심지혜,시민덕희,프레즐,콜라
박지현,시민덕희,나쵸,제로콜라
이정식,너의 이름은,일반팝콘,콜라
신영미,웡카,나쵸,에이드
김춘자,도그맨,치즈팝콘,콜라
황상현,도그맨,프레즐,환타
이지혜,너의 이름은,구운오징어,물
이준혁,웡카,프레즐,에이드
박하윤,웡카,일반팝콘,에이드
이서영,외계인,프레즐,제로콜라
이영길,상견니,나쵸,제로콜라
김진호,도그맨,캬라멜 팝콘,스프라이트
장지은,도그맨,캬라멜 팝콘,환타
이정희,상견니,나쵸,스프라이트
김영호,너의 이름은,프레즐,콜라
이종수,상견니,구운오징어,스프라이트
임성민,시민덕희,캬라멜 팝콘,콜라
이영길,시민덕희,구운오징어,콜라
김성진,도그맨,치즈팝콘,물
이민수,라라랜드,프레즐,스프라이트
안유진,시민덕희,일반팝콘,환타
황보람,시민덕희,구운오징어,환타
강지연,너의 이름은,일반팝콘,콜라
오준혁,웡카,프레즐,물
강정희,외계인,나쵸,콜라
김진호,시민덕희,치즈팝콘,에이드
김영수,외계인,핫도그,에이드
오종수,상견니,나쵸,환타
김정자,라라랜드,치즈팝콘,제로콜라
한재호,도그맨,프레즐,콜라
최하윤,시민덕희,일반팝콘,제로콜라
박현숙,상견니,일반팝콘,물
최지혜,도그맨,캬라멜 팝콘,환타
한선영,상견니,일반팝콘,에이드
김상현,시민덕희,프레즐,에이드
강동현,시민덕희,프레즐,콜라
김혜진,너의 이름은,치즈팝콘,콜라
차현숙,라라랜드,캬라멜 팝콘,제로콜라
이정호,도그맨,나쵸,환타
한승민,도그맨,일반팝콘,물
서종수,시민덕희,치즈팝콘,제로콜라
이상현,도그맨,핫도그,물
김영진,시민덕희,캬라멜 팝콘,제로콜라
민예진,시민덕희,프레즐,물
김성훈,라라랜드,일반팝콘,에이드
이영희,도그맨,치즈팝콘,에이드
김윤서,외계인,치즈팝콘,에이드
김우진,너의 이름은,구운오징어,환타
박미정,라라랜드,프레즐,콜라
이지영,너의 이름은,캬라멜 팝콘,에이드
곽중수,도그맨,나쵸,에이드
김영환,너의 이름은,프레즐,제로콜라
손영자,상견니,치즈팝콘,환타
이영호,도그맨,나쵸,제로콜라
박주원,라라랜드,구운오징어,제로콜라
정상훈,너의 이름은,핫도그,스프라이트
정영호,너의 이름은,프레즐,제로콜라
서예진,도그맨,나쵸,물
김승민,시민덕희,캬라멜 팝콘,스프라이트
박춘자,상견니,치즈팝콘,에이드
김옥자,너의 이름은,캬라멜 팝콘,물
이수빈,상견니,캬라멜 팝콘,스프라이트
박건우,상견니,치즈팝콘,스프라이트
박지아,웡카,프레즐,환타
박정남,외계인,프레즐,제로콜라
이승현,시민덕희,나쵸,콜라
최승민,너의 이름은,구운오징어,제로콜라
김민서,웡카,구운오징어,물
김영철,상견니,나쵸,환타
김준서,외계인,프레즐,물
한정희,웡카,치즈팝콘,물
이정호,시민덕희,일반팝콘,제로콜라
남지우,너의 이름은,치즈팝콘,물
서우진,웡카,치즈팝콘,스프라이트
홍지민,외계인,핫도그,에이드
배경자,외계인,나쵸,물
서상호,도그맨,구운오징어,환타
박정자,너의 이름은,핫도그,콜라
김미영,웡카,캬라멜 팝콘,콜라
안정웅,너의 이름은,치즈팝콘,물
손정자,라라랜드,핫도그,스프라이트
김수민,웡카,치즈팝콘,물
안은지,라라랜드,치즈팝콘,환타
오준혁,시민덕희,나쵸,환타
이영자,너의 이름은,구운오징어,스프라이트
홍예은,시민덕희,캬라멜 팝콘,제로콜라
김광수,웡카,구운오징어,환타
윤지연,웡카,프레즐,에이드
윤지영,시민덕희,나쵸,콜라
이영미,외계인,일반팝콘,환타
황윤서,시민덕희,캬라멜 팝콘,환타
나도윤,웡카,일반팝콘,콜라
전영식,웡카,일반팝콘,콜라
오선영,웡카,캬라멜 팝콘,콜라
최민서,외계인,핫도그,스프라이트
박우진,도그맨,구운오징어,스프라이트
우영식,도그맨,치즈팝콘,콜라
김아름,웡카,나쵸,물
이미숙,외계인,나쵸,제로콜라
이은서,너의 이름은,캬라멜 팝콘,콜라
송준혁,상견니,구운오징어,스프라이트
이지원,너의 이름은,일반팝콘,물
송상현,라라랜드,프레즐,제로콜라
이중수,웡카,구운오징어,콜라
박지아,도그맨,캬라멜 팝콘,환타
양예원,도그맨,일반팝콘,에이드
우영미,상견니,구운오징어,물
박영호,라라랜드,캬라멜 팝콘,제로콜라
김영길,도그맨,핫도그,에이드
김서준,도그맨,치즈팝콘,에이드
김성민,도그맨,캬라멜 팝콘,물
고지연,외계인,나쵸,환타
김정웅,너의 이름은,프레즐,에이드
류준서,상견니,일반팝콘,콜라
양승민,외계인,일반팝콘,환타
권동현,상견니,치즈팝콘,환타
이성훈,라라랜드,나쵸,스프라이트
홍도윤,너의 이름은,치즈팝콘,에이드
김지원,너의 이름은,나쵸,콜라
김지은,도그맨,프레즐,콜라
윤현우,웡카,나쵸,스프라이트
오순옥,외계인,핫도그,스프라이트
김은서,너의 이름은,핫도그,제로콜라
강예진,웡카,프레즐,환타
박정남,라라랜드,일반팝콘,콜라
이정남,외계인,일반팝콘,환타
배은서,외계인,캬라멜 팝콘,제로콜라
이경숙,너의 이름은,캬라멜 팝콘,콜라
최예준,외계인,구운오징어,물
김광수,라라랜드,캬라멜 팝콘,에이드
오도현,라라랜드,나쵸,환타
박성호,라라랜드,프레즐,콜라
김주원,도그맨,구운오징어,물
박경희,외계인,프레즐,에이드
이은주,상견니,나쵸,스프라이트
박예진,상견니,치즈팝콘,물
이영숙,라라랜드,구운오징어,에이드
박정자,상견니,치즈팝콘,환타
김채원,도그맨,캬라멜 팝콘,콜라
이선영,웡카,핫도그,에이드
김서윤,상견니,핫도그,물
류은주,라라랜드,구운오징어,제로콜라
이시우,상견니,핫도그,제로콜라
안진호,시민덕희,나쵸,물
이경수,시민덕희,프레즐,스프라이트
최경자,라라랜드,나쵸,콜라
김경숙,너의 이름은,핫도그,스프라이트
강옥자,웡카,치즈팝콘,콜라
강미정,웡카,치즈팝콘,제로콜라
문서윤,너의 이름은,구운오징어,물
이현우,도그맨,나쵸,콜라
권영길,시민덕희,캬라멜 팝콘,물
김영순,외계인,캬라멜 팝콘,물
김준서,도그맨,나쵸,에이드
전성진,웡카,구운오징어,제로콜라
허서영,상견니,나쵸,콜라
김현주,외계인,나쵸,스프라이트
이지은,웡카,핫도그,스프라이트
엄보람,외계인,캬라멜 팝콘,제로콜라
김지훈,시민덕희,나쵸,환타
강현주,웡카,일반팝콘,스프라이트
안수빈,라라랜드,캬라멜 팝콘,환타
하상호,도그맨,나쵸,에이드
이은지,시민덕희,구운오징어,제로콜라
서서현,라라랜드,나쵸,스프라이트
김정남,라라랜드,캬라멜 팝콘,제로콜라
김미영,라라랜드,구운오징어,콜라
남수진,웡카,일반팝콘,콜라
차채원,외계인,캬라멜 팝콘,환타
김민서,웡카,프레즐,스프라이트
김현우,웡카,치즈팝콘,물
서은정,시민덕희,캬라멜 팝콘,환타
김정식,도그맨,일반팝콘,콜라
김예은,상견니,나쵸,물
서성훈,도그맨,일반팝콘,에이드
최은정,외계인,핫도그,에이드
홍주원,상견니,일반팝콘,물
이서영,라라랜드,일반팝콘,콜라
황성수,웡카,구운오징어,제로콜라
강민수,상견니,나쵸,제로콜라
송상철,라라랜드,치즈팝콘,제로콜라
박민준,도그맨,일반팝콘,콜라
문지현,도그맨,나쵸,콜라
김윤서,웡카,일반팝콘,물
이지연,웡카,프레즐,스프라이트
이병철,웡카,구운오징어,스프라이트
임정순,도그맨,캬라멜 팝콘,에이드
김은영,라라랜드,프레즐,콜라
김예준,라라랜드,프레즐,제로콜라
문정순,외계인,일반팝콘,제로콜라
양미경,너의 이름은,일반팝콘,제로콜라
윤현주,상견니,프레즐,스프라이트
류명숙,라라랜드,캬라멜 팝콘,에이드
이수빈,상견니,구운오징어,에이드
신동현,상견니,치즈팝콘,제로콜라
정상훈,외계인,프레즐,제로콜라
차현지,상견니,구운오징어,제로콜라
강정남,외계인,구운오징어,제로콜라
조민수,외계인,일반팝콘,물
김숙자,너의 이름은,구운오징어,스프라이트
박영자,라라랜드,프레즐,제로콜라
한광수,외계인,나쵸,제로콜라
김승현,시민덕희,일반팝콘,환타
이시우,시민덕희,나쵸,스프라이트
황진호,상견니,프레즐,에이드
강민서,도그맨,치즈팝콘,물
윤성훈,웡카,나쵸,스프라이트
김경수,너의 이름은,일반팝콘,제로콜라
박영호,도그맨,일반팝콘,환타
이영호,웡카,핫도그,에이드
이민준,너의 이름은,캬라멜 팝콘,제로콜라
이영일,너의 이름은,나쵸,제로콜라
배준영,라라랜드,구운오징어,제로콜라
박도윤,시민덕희,핫도그,스프라이트
김성훈,너의 이름은,치즈팝콘,물
박숙자,라라랜드,나쵸,물
김성훈,웡카,핫도그,에이드
유현주,너의 이름은,나쵸,제로콜라
이지후,상견니,일반팝콘,에이드
김재호,시민덕희,일반팝콘,콜라
이은지,상견니,핫도그,스프라이트
이은경,너의 이름은,일반팝콘,콜라
김정숙,도그맨,핫도그,콜라
김영숙,너의 이름은,일반팝콘,환타
김영순,시민덕희,캬라멜 팝콘,제로콜라
박서준,시민덕희,구운오징어,물
배영환,외계인,나쵸,환타
이하은,시민덕희,일반팝콘,물
송은경,상견니,나쵸,물
고민준,웡카,프레즐,콜라
이민석,상견니,나쵸,콜라
박정자,도그맨,구운오징어,환타
김상현,시민덕희,핫도그,스프라이트
김은서,시민덕희,치즈팝콘,환타
최성훈,도그맨,프레즐,에이드
이현준,외계인,핫도그,콜라
오현주,외계인,프레즐,스프라이트
이지현,도그맨,프레즐,스프라이트
장순자,라라랜드,치즈팝콘,콜라
최영미,웡카,프레즐,제로콜라
문준서,웡카,일반팝콘,환타
김숙자,너의 이름은,핫도그,에이드
윤은서,시민덕희,캬라멜 팝콘,에이드
박상호,라라랜드,치즈팝콘,제로콜라
김정수,도그맨,일반팝콘,콜라
이수진,상견니,핫도그,환타
윤채원,도그맨,구운오징어,에이드
박지은,너의 이름은,핫도그,제로콜라
우병철,외계인,캬라멜 팝콘,물
강민준,상견니,프레즐,제로콜라
김예원,너의 이름은,치즈팝콘,물
박예지,라라랜드,프레즐,환타
김유진,외계인,구운오징어,환타
박현숙,너의 이름은,캬라멜 팝콘,환타
김현지,너의 이름은,일반팝콘,콜라
최경수,도그맨,핫도그,물
박민재,웡카,핫도그,스프라이트
박아름,웡카,나쵸,콜라
이정훈,상견니,구운오징어,물
강민수,라라랜드,핫도그,콜라
최지훈,라라랜드,핫도그,스프라이트
우수진,외계인,구운오징어,환타
김영환,외계인,캬라멜 팝콘,제로콜라
박정수,웡카,핫도그,제로콜라
양영순,도그맨,캬라멜 팝콘,에이드
이서영,너의 이름은,구운오징어,에이드
윤상현,외계인,프레즐,스프라이트
김현숙,도그맨,구운오징어,에이드
박지연,상견니,구운오징어,제로콜라
송정식,웡카,캬라멜 팝콘,환타
이아름,도그맨,프레즐,제로콜라
최영일,라라랜드,나쵸,스프라이트
박상호,웡카,캬라멜 팝콘,에이드
이민준,너의 이름은,나쵸,물
윤지후,외계인,일반팝콘,스프라이트
김상현,외계인,핫도그,스프라이트
박진호,시민덕희,구운오징어,물
이성현,라라랜드,구운오징어,제로콜라
김주원,상견니,구운오징어,에이드
성종수,웡카,프레즐,콜라
김옥순,웡카,일반팝콘,제로콜라
전현준,상견니,일반팝콘,에이드
이수민,시민덕희,구운오징어,환타
홍영순,도그맨,핫도그,콜라
박성진,너의 이름은,프레즐,콜라
류지영,시민덕희,구운오징어,제로콜라
서준호,라라랜드,캬라멜 팝콘,에이드
김성수,외계인,일반팝콘,에이드
서중수,웡카,캬라멜 팝콘,콜라
강영환,시민덕희,나쵸,물
김우진,외계인,일반팝콘,물
이현정,상견니,핫도그,환타
이은정,너의 이름은,치즈팝콘,제로콜라
김지은,도그맨,핫도그,제로콜라
윤성훈,도그맨,프레즐,스프라이트
김지은,웡카,치즈팝콘,물
권수빈,라라랜드,구운오징어,에이드
박시우,라라랜드,구운오징어,스프라이트
송광수,상견니,구운오징어,에이드
노영자,도그맨,구운오징어,스프라이트
강경자,상견니,일반팝콘,환타
심병철,너의 이름은,프레즐,에이드
안명숙,시민덕희,캬라멜 팝콘,물
배서윤,상견니,캬라멜 팝콘,물
심정호,외계인,프레즐,에이드
이영희,도그맨,나쵸,제로콜라
황정희,외계인,구운오징어,콜라
김민서,도그맨,치즈팝콘,콜라
김정남,외계인,나쵸,에이드
김지원,도그맨,캬라멜 팝콘,물
김영호,웡카,치즈팝콘,환타
이서연,웡카,캬라멜 팝콘,물
김성민,라라랜드,치즈팝콘,제로콜라
주지훈,너의 이름은,나쵸,에이드
김정희,상견니,일반팝콘,환타
박미경,도그맨,핫도그,제로콜라
김민수,도그맨,치즈팝콘,콜라
서영일,상견니,치즈팝콘,스프라이트
이영길,너의 이름은,구운오징어,스프라이트
김미경,시민덕희,프레즐,콜라
안미정,외계인,구운오징어,물
박정수,너의 이름은,프레즐,제로콜라
김영식,라라랜드,치즈팝콘,제로콜라
최순옥,도그맨,캬라멜 팝콘,에이드
윤우진,시민덕희,구운오징어,제로콜라
이옥순,너의 이름은,치즈팝콘,물
이준영,너의 이름은,핫도그,환타
성동현,너의 이름은,캬라멜 팝콘,스프라이트
김건우,너의 이름은,구운오징어,콜라
이채원,너의 이름은,나쵸,환타
윤지혜,라라랜드,프레즐,제로콜라
박우진,외계인,구운오징어,콜라
이정훈,상견니,구운오징어,에이드
윤정수,상견니,구운오징어,환타
황영자,웡카,캬라멜 팝콘,물
박시우,라라랜드,프레즐,에이드
김예준,너의 이름은,치즈팝콘,콜라
이승민,도그맨,나쵸,스프라이트
김영자,상견니,구운오징어,스프라이트
이하은,웡카,일반팝콘,환타
이영순,외계인,핫도그,스프라이트
양영순,라라랜드,프레즐,에이드
김서준,웡카,핫도그,에이드
김영진,라라랜드,나쵸,환타
권민석,웡카,구운오징어,제로콜라
최우진,도그맨,나쵸,에이드
이현숙,상견니,구운오징어,에이드
홍정훈,외계인,구운오징어,스프라이트
남지영,라라랜드,핫도그,물
김수진,너의 이름은,캬라멜 팝콘,에이드
양순옥,라라랜드,핫도그,환타
강상호,상견니,구운오징어,에이드
최동현,너의 이름은,프레즐,콜라
심영순,상견니,프레즐,에이드
허현준,상견니,캬라멜 팝콘,에이드
이정자,외계인,나쵸,에이드
장예은,너의 이름은,일반팝콘,스프라이트
이혜진,너의 이름은,핫도그,콜라
이명자,라라랜드,일반팝콘,스프라이트
이영철,라라랜드,치즈팝콘,제로콜라
최옥순,시민덕희,구운오징어,제로콜라
배준서,라라랜드,나쵸,에이드
한은정,도그맨,캬라멜 팝콘,에이드
이민수,외계인,일반팝콘,스프라이트
이명숙,라라랜드,치즈팝콘,제로콜라
이정희,웡카,구운오징어,제로콜라
김성현,도그맨,나쵸,제로콜라
최민수,너의 이름은,나쵸,스프라이트
송민지,시민덕희,핫도그,물
오성훈,상견니,구운오징어,스프라이트
이상훈,웡카,캬라멜 팝콘,제로콜라
김성민,상견니,나쵸,스프라이트
우성민,도그맨,프레즐,에이드
이영진,웡카,치즈팝콘,환타
박명자,너의 이름은,치즈팝콘,스프라이트
김성현,웡카,핫도그,콜라
심동현,도그맨,치즈팝콘,에이드
구현준,너의 이름은,나쵸,물
민진우,도그맨,나쵸,스프라이트
김정순,상견니,구운오징어,환타
김옥자,너의 이름은,구운오징어,환타
서정수,너의 이름은,프레즐,물
차수민,외계인,일반팝콘,물
김진호,상견니,치즈팝콘,콜라
이영진,웡카,프레즐,스프라이트
문서연,라라랜드,나쵸,스프라이트
최예지,외계인,구운오징어,스프라이트
박지혜,도그맨,치즈팝콘,스프라이트
박정식,시민덕희,캬라멜 팝콘,물
배수민,너의 이름은,프레즐,스프라이트
손지현,도그맨,일반팝콘,콜라
임서현,라라랜드,나쵸,환타
김미정,상견니,핫도그,환타
곽성수,웡카,구운오징어,물
백영자,웡카,나쵸,제로콜라
성진호,상견니,핫도그,콜라
김옥순,상견니,캬라멜 팝콘,물
강광수,너의 이름은,일반팝콘,제로콜라
김종수,라라랜드,치즈팝콘,물
주민준,도그맨,캬라멜 팝콘,제로콜라
윤상철,도그맨,핫도그,제로콜라
최민수,라라랜드,핫도그,물
이경수,웡카,치즈팝콘,물
이순옥,도그맨,캬라멜 팝콘,제로콜라
박성진,상견니,구운오징어,환타
송경자,웡카,나쵸,스프라이트
이경수,웡카,구운오징어,콜라
권정훈,외계인,치즈팝콘,환타
김수빈,도그맨,핫도그,물
한영호,상견니,캬라멜 팝콘,환타
문정호,웡카,핫도그,스프라이트
김경숙,라라랜드,핫도그,제로콜라
이옥자,외계인,핫도그,콜라
한민수,웡카,프레즐,환타
최상현,너의 이름은,캬라멜 팝콘,제로콜라
김경수,라라랜드,프레즐,스프라이트
황민준,시민덕희,나쵸,제로콜라
강정자,상견니,일반팝콘,제로콜라
김준호,너의 이름은,캬라멜 팝콘,콜라
김영호,상견니,나쵸,콜라
박주원,상견니,핫도그,에이드
김영수,라라랜드,구운오징어,콜라
이경수,웡카,일반팝콘,스프라이트
나영철,외계인,나쵸,스프라이트
장예지,상견니,핫도그,제로콜라
허숙자,라라랜드,나쵸,환타
김정숙,라라랜드,치즈팝콘,물
주지연,상견니,캬라멜 팝콘,환타
이지연,상견니,핫도그,물
윤은주,외계인,치즈팝콘,제로콜라
김민수,라라랜드,핫도그,물
이정숙,도그맨,일반팝콘,제로콜라
서서현,라라랜드,치즈팝콘,물
김미경,시민덕희,구운오징어,스프라이트
문서준,외계인,프레즐,물
최지아,외계인,치즈팝콘,콜라
송지아,상견니,구운오징어,에이드
홍현주,웡카,일반팝콘,제로콜라
윤숙자,시민덕희,캬라멜 팝콘,물
이영식,시민덕희,캬라멜 팝콘,환타
안보람,도그맨,치즈팝콘,물
김지훈,외계인,핫도그,환타
정영길,상견니,일반팝콘,에이드
이지현,도그맨,일반팝콘,스프라이트
김미영,시민덕희,캬라멜 팝콘,스프라이트
오미영,웡카,나쵸,스프라이트
이미영,웡카,치즈팝콘,스프라이트
홍진우,라라랜드,캬라멜 팝콘,물
전미숙,시민덕희,프레즐,에이드
최상현,상견니,핫도그,스프라이트
이은영,너의 이름은,프레즐,물
김영미,라라랜드,프레즐,콜라
박지후,웡카,핫도그,스프라이트
박경희,시민덕희,구운오징어,스프라이트
이서연,상견니,일반팝콘,스프라이트
이재현,도그맨,일반팝콘,스프라이트
권영철,시민덕희,치즈팝콘,에이드
고지훈,외계인,나쵸,물
이성진,라라랜드,캬라멜 팝콘,스프라이트
김지혜,도그맨,일반팝콘,환타
백명자,상견니,구운오징어,콜라
이영환,웡카,치즈팝콘,스프라이트
한영수,너의 이름은,치즈팝콘,물
이성수,라라랜드,핫도그,콜라
오주원,외계인,캬라멜 팝콘,제로콜라
김서연,도그맨,핫도그,환타
김지원,상견니,구운오징어,물
이동현,너의 이름은,일반팝콘,물
송영길,시민덕희,구운오징어,제로콜라
이현숙,상견니,일반팝콘,에이드
김미숙,너의 이름은,나쵸,스프라이트
서정자,라라랜드,치즈팝콘,에이드
김선영,웡카,치즈팝콘,물
김지혜,웡카,구운오징어,에이드
류은정,너의 이름은,캬라멜 팝콘,물
이우진,외계인,핫도그,콜라
류혜진,너의 이름은,핫도그,콜라
노성수,상견니,일반팝콘,스프라이트
박수민,너의 이름은,캬라멜 팝콘,제로콜라
김지원,너의 이름은,핫도그,에이드
장현준,시민덕희,일반팝콘,제로콜라
김성진,웡카,치즈팝콘,콜라
서은서,도그맨,프레즐,물
박정순,라라랜드,캬라멜 팝콘,환타
김민준,도그맨,핫도그,에이드
김정수,시민덕희,일반팝콘,물
황수진,너의 이름은,프레즐,콜라
이미경,라라랜드,구운오징어,스프라이트
전은경,상견니,일반팝콘,스프라이트
배상호,외계인,일반팝콘,물
남하윤,라라랜드,구운오징어,콜라
김민재,상견니,캬라멜 팝콘,물
엄영식,웡카,핫도그,환타
최영식,외계인,일반팝콘,스프라이트
박지우,외계인,프레즐,에이드
